X1,X2,X3,X4,Label
22.25522516112966,22.55952767294129,8.79867730940714,15.24770926565228,C
10.85437179740309,9.071867221349915,14.914413390496751,9.02580920475112,B
18.04497274463065,29.05798674266459,17.767138114049537,17.257552836418906,D
8.929385415923205,11.636971970410082,15.45245461899778,9.233587641436692,B
5.529203836278105,14.488418910854897,12.082791331942508,14.038663219666901,B
11.954762364832934,29.568152227465408,9.312385458884352,11.255962005822933,D
11.371928940162434,12.887025234443035,17.31251088121481,10.729504646207475,B
5.606310988431389,28.490942178071496,17.72867793123046,21.26246343858434,D
13.494924182642706,20.60465032033955,16.597897340833967,13.045221136327665,D
21.192245922305556,40.371123953450194,11.322613095836079,11.056571554272065,A
21.799959325357914,37.24273446761158,9.745756813612822,10.048198461282693,A
24.66889497537492,37.55680530030897,12.375221043813973,9.621606979255755,A
21.8427481000542,21.12349813164712,5.127944292046875,17.07271988575414,C
11.353262156902638,35.78716829568129,14.142019574045639,21.652155831019623,D
28.43814444330104,23.631056788558187,10.55717118334084,11.541661592109861,C
26.629562168132257,16.94744560780212,14.118754368343524,13.975920274946683,C
22.156490028321127,33.360952267562666,13.783320206433013,11.38283016051896,A
7.665449435631633,15.210324870930133,10.660266329892316,5.251943074591633,B
4.922888687577675,12.188039038841278,17.097408461156082,9.103721198290192,B
14.62010573833399,32.68156675539132,10.782216704435358,11.537465433655894,D
9.213771022316026,27.700048650530128,18.00193014901216,11.94239188403675,D
24.707876742640636,36.630602347143885,6.823787503785666,12.423491770395028,A
10.476284323489317,25.146990679390328,25.402687481669616,14.285517605198173,D
12.331830891303866,9.126875610180923,16.66238273498031,7.989622306818111,B
13.435786519057675,11.039483326020282,17.32248182945645,7.676623093687523,B
24.77718478923658,14.470243146151066,0.08795845531854596,11.20800668907502,C
12.77967490290129,11.674245641855997,11.649151338759829,9.894109781191254,B
22.718502250242935,13.788393146839725,8.343236760741323,14.28750264984283,C
15.754735451419364,40.96820118848766,4.361089426494527,7.443732890910991,A
13.327511140238714,30.02744479415799,19.496886937787043,24.179524665021567,D
14.171601901221814,5.075954173530913,14.534892575645022,10.198180785359478,B
18.238249310359414,42.358151812423735,11.86797083551158,7.027637611990659,A
21.929476378034167,42.05876038490933,15.408089873201725,13.34131987359098,A
18.89769341926852,39.29911126203873,9.088266139020787,10.39175963818091,A
18.725869545620867,38.904814245972034,6.868011599875184,11.943725889579776,A
12.575616294002462,24.236031605975395,11.77880643259367,15.955011481624524,D
15.652342147461066,36.027921434234116,18.269588385472662,17.58646245566103,D
27.167042225619213,13.439902761406262,6.850397331397804,16.687282130352703,C
17.118236336829526,29.877710222520168,21.308352849880386,11.74879159664444,D
17.668147723014055,36.84232912724431,11.131222731599117,10.244740363531568,A
11.53850937277827,9.021044613525046,16.80812296928799,8.216050690838784,B
3.166716832529268,36.519928976031295,16.591993293180394,15.951118533810387,D
12.955952526819601,12.300759008983597,16.207876593390104,4.672336000114513,B
19.4438074743927,37.85270023048082,10.127385692528224,5.5144268212756975,A
5.874446562048278,11.50297669653984,13.559252895015224,12.808322650329092,B
16.73346912495917,34.96290495534129,14.185539924482446,16.713169042775245,D
5.601873628122067,30.34800554291064,15.189218000164228,15.958495656357988,D
7.481102658480426,5.895264713984828,19.68383879686742,7.1791892921283855,B
10.297614587594508,14.728896917883153,16.506984720224338,7.41319900074029,B
21.928514871692116,42.57359707195692,7.728091885102367,8.939205947555246,A
23.73621136122842,34.825037437466165,11.065646826945253,11.692270087575613,A
8.4507462501726,28.609661948338225,28.22629739644225,8.959201424087436,D
2.590629373219855,27.14669203843169,7.951084409836487,18.32206947617039,D
23.875593720296965,18.29001822735881,11.164793760915591,18.548126916243913,C
9.65068725176954,27.78414103683769,2.9740051399706946,14.811336529387033,D
15.135742292090104,37.71804126466177,10.548773889482613,10.982657334950229,A
26.361507492287178,18.811909874873272,9.800573307577912,13.613350943375641,C
10.284035220752118,28.025872598019856,14.985508731053995,13.078851562086497,D
6.589143071730467,31.622608919218614,25.399468657516227,21.661798025738857,D
5.083578078633467,7.800061577249003,21.44872360460186,9.729268451002747,B
12.551592050570314,7.4826274282021785,11.964677747683535,10.254904411113124,B
10.01669999633,24.066033786527996,9.080817538702608,15.538749049352951,D
10.08021514802391,10.55035076074473,13.587772505451818,10.818389168590793,B
22.81658980526627,37.30017122909144,7.131328368972244,8.905449888138914,A
19.038386442143704,38.890409767112004,12.695493259285595,3.602038334139759,A
11.92916363601788,11.76467478735381,15.63776113931261,14.641094490972534,B
20.911203123101263,43.67830489035585,13.98192688604371,9.353568420808072,A
19.634776312994553,14.008104425670226,10.161472706344897,11.645689319207035,C
9.744653192441783,8.30709690009352,17.90030403349938,11.524203728174433,B
10.839227723603644,27.3693679847009,15.113633778558357,13.407754076137342,D
12.107126821029397,30.404243377429886,13.445428106109453,12.412831937634392,D
26.75005843550056,14.988707776772369,7.798567523430561,18.74525379224842,C
7.558616550306082,5.652647167789209,11.046847970577705,11.623024659879423,B
28.02933816734942,24.459155882814798,7.208040340208539,16.642802788685625,C
10.096857240562892,28.260837413000395,15.259142957175657,18.779440007972266,D
9.969830584392957,13.714020807875318,11.878202309744566,9.053190629842426,B
8.59206779116268,12.62708703633852,10.904511368324494,15.841295928461074,B
11.382382983103767,8.797041526310796,12.086488005526828,14.278950582361082,B
24.186970974846908,22.551254535848337,0.9733223918368381,11.718717148619447,C
28.152879674731604,14.729310269500145,7.5883304970371,13.081694843846126,C
9.89277179935548,11.008047227985976,17.659474618078846,9.183604731945376,B
11.341072470657036,10.317159986401466,15.083286394876504,8.723373361685656,B
19.0635405660896,22.55564235895365,3.498808549419117,16.33909347853212,C
4.575568220505246,11.234002728692825,13.550251372562677,10.00771354729453,B
27.481008513784992,21.479865011368314,-0.9089980705969403,17.255582116938648,C
12.31201916339003,9.608680798650019,20.465745293581218,9.773048588234731,B
7.632693459230049,10.00374536736546,14.520180636728872,7.504127520348626,B
28.754226165406056,16.01501245389583,6.889741509179272,14.524665550747097,C
9.588949259928826,29.270742978308174,7.002929632018672,14.286515582878655,D
10.787080360349423,33.87849491689619,8.12540049355162,10.77217292821914,D
22.031685105272608,41.46814844849956,8.736604206838976,7.960521145015072,A
21.441477041537354,39.479253111055016,10.990016781654113,7.267346228173736,A
20.520687445192152,42.44159759120928,10.890915992936005,11.76643292047987,A
18.722987156077817,37.04841953969397,9.929544429153363,11.070829676326044,A
7.050645448762877,7.3050340857039515,17.40615521622155,4.460404055005981,B
22.911652005615917,21.98470374382064,13.458842008099438,13.201339674020296,C
10.723611892656857,13.383350890383408,17.643393291298896,13.098967583559837,B
18.041712522307,9.397574458013004,12.003453611713896,7.779589627781459,B
6.593909662384835,31.688738431876367,23.036874244699504,13.040741074965595,D
31.864294462777554,19.74716434464916,11.088935561327787,11.22573618214127,C
6.854126339715098,25.29410738255567,9.876773143404016,21.646607444739082,D
8.7904350794514,12.848216571379655,14.510235153500464,9.740634151866859,B
24.947482195390222,19.60305929275043,13.781904444589205,9.37313197334888,C
10.981023413773679,33.510020251345736,14.448401204405174,8.998586895342681,D
19.131373368753593,38.54682880784919,5.918413684413762,6.080580689228865,A
24.41013086491916,41.00039302091806,12.446844960264349,15.602232998003645,A
17.610137498768058,39.135045560751536,8.841010063384765,11.203703684433655,A
23.075726701819303,43.00594962196103,9.03168295648012,9.244243123561661,A
13.80223496445597,11.498494700405978,14.813840622604998,13.777501388832441,B
20.6273151979846,17.515752149581754,12.466249522624619,15.544567572391141,C
27.86593780409772,20.491735676038164,12.274403721379926,16.521760819113638,C
11.211688062507921,15.810137387207657,10.644283411704759,11.146608363355881,B
9.98814099424671,22.891825574493925,15.517971343765547,6.6670619923482075,D
7.2767715807969156,34.33899030655082,20.34126510719436,13.346900778655845,D
17.37861758733227,36.449955157052564,5.7343245234374685,14.876938488079475,A
6.655479492688049,37.242327042334445,11.851869050949258,12.660916254330127,D
7.027089839930728,28.41911173659976,11.696882546994917,15.358479431357006,D
14.066328107783255,8.805555613749775,14.515879391166662,15.38334641567522,B
19.96079472099361,40.40232042074556,9.523366266046501,9.012876214916375,A
24.834527995063134,22.324504172755276,7.253594059996942,13.825467747458916,C
10.944901958273134,26.989670862652805,15.180452015251864,28.710154188009973,D
14.105989618330355,22.91107552007831,8.23037705177417,11.215117518575365,D
10.62457249815523,27.772841022546668,14.377982794033072,17.60520823518953,D
22.356170298050984,39.331013134411634,8.304935546088874,13.244614476627747,A
21.05693700944801,16.661684529046028,5.924430411453375,10.5252015581776,C
27.019271089686285,22.864238057895065,1.762258601083552,11.48199449165165,C
26.14029864774219,20.436693323651244,6.455644066809931,11.404460930235881,C
10.623175722926355,36.080014070002974,17.088333013411297,12.971760175428045,D
19.72364835691882,42.5504317792895,8.269875380539021,13.840942635614494,A
26.633627276464523,20.563872127845876,11.120111762324559,22.27711832678263,C
19.22721388807073,39.41633334614077,14.331802967297833,11.711252767147975,A
11.447842842804194,28.82915161623143,17.48728611004357,11.7870420952607,D
14.076032736933492,42.16013075124412,4.400989853345658,11.003747637725718,A
8.597676971122281,7.41953984522601,17.57731257835659,7.571120271879662,B
11.496551991206335,35.24105841353332,13.929008809875235,15.852705055065565,D
25.504372697931313,20.817103278818113,10.391553389137044,12.63503899819922,C
23.29784219075394,37.7939529536252,12.821485161286422,11.240002365859905,A
14.518893435987977,31.3960142483607,14.896760953636583,8.750365064519476,D
6.874061364152563,32.391439511481074,12.97569377568538,12.246215445116807,D
19.90179295443126,37.07976625564701,11.308191651329384,9.57113417194438,A
25.077744325807693,21.902087038539538,10.489959635854008,13.795840299026311,C
18.871742407243683,40.66421993741559,11.807751234344495,10.061530313119778,A
23.174062162682645,22.721625484697842,11.428261272711591,9.294990721417019,C
22.682329947643318,14.478375260112283,8.808039877717482,10.438729710625548,C
10.559306391070606,36.955428832043026,14.81846654341491,14.787446642234075,D
10.735013981726755,26.934761392211676,13.241665798082025,9.253834562923286,D
7.35190291935257,27.01233465174692,14.98063335465981,21.990672921990793,D
8.247719359615242,11.005316860587996,7.687306922401932,13.34477367847084,B
10.395735267362237,4.058303226793181,17.306311933198426,8.736017238025958,B
18.301697533655066,12.000751929236241,4.393556667739189,14.867325285855523,C
17.353689157225226,9.36638204910544,14.63878008400677,5.562052060110239,B
9.711707914711617,33.53645861886345,18.450829736278504,12.409847897256725,D
8.909686659651847,12.337153660398975,10.471015181795103,9.16782582477067,B
26.515915553071267,19.264339151711333,14.622780351447702,10.477995621335054,C
23.626014597121966,16.17723720530782,12.445275820077143,16.82568829534119,C
22.88546007623505,40.43126104123216,10.052655053355158,10.24863614257678,A
3.1437736291168568,30.63693680491312,9.945089512495173,21.660197627161768,D
18.138112944878902,37.933903653352466,9.75386868893642,8.341304284094731,A
6.960262928728371,28.110707041012184,15.434588498852108,17.673355945441955,D
15.459755998403306,26.516244437501527,18.97560894339134,17.625082643827554,D
24.542828614017083,24.902411620550506,7.719203268297767,16.766854097191757,C
22.32376277869882,41.45556147849481,4.763492321984638,10.309304785583766,A
18.52804245453592,24.93483248438651,5.205491743164702,17.728111859406717,C
13.782155157788424,29.194461826869023,21.042098927933104,12.714086339791603,D
19.853533622165347,39.2061422651745,5.918941744830041,9.832164613463696,A
17.087125398041607,42.25206621738547,11.16415609932615,6.15939078430694,A
7.027987208118553,6.991994237890627,12.069313839794024,8.231260232364352,B
5.963503875144454,24.537789092316512,14.19047514512371,9.363260873775348,D
24.717159354696907,17.536493374033437,7.302254947527022,13.317041306945448,C
7.600259130578006,9.339772660538934,18.92600625705654,9.922604325236538,B
29.005937373495954,19.934315305610376,14.492092626932838,17.092812719872633,C
28.577736241050385,18.538996902803042,8.412564146819289,11.529300745676927,C
17.846935787363243,44.77516238274758,9.329991572621548,12.006140989490987,A
29.280071064686936,12.697214899006843,7.932349964815133,18.401896028529514,C
20.186466016358885,37.307252326490016,8.938341743917835,7.925088506155095,A
10.055938139437105,27.68423059443253,12.644747201864625,14.33538745756819,D
7.404176290208739,29.838876726710854,13.373444120386264,14.682969098013048,D
19.130095360197885,36.61652785463072,7.4183922452696756,8.908129156354981,A
22.58143065388621,12.280731257430624,11.567543824389384,12.354872338459066,C
8.188481341611547,6.551337810228645,18.294910622197538,9.586482464211718,B
17.182935478108142,38.17330561783794,9.037800477046812,10.235878973292685,A
16.9017941038973,17.05099904400447,4.599774934959984,13.593826902557248,C
-4.960402551807116,33.894307180752634,19.7006215676795,10.501189140945067,D
28.962017967870654,18.03656648903885,5.229706684771966,12.228852195247875,C
24.275589337767176,18.0284172425763,12.370360707457296,14.888311235280508,C
9.852027789557281,10.717100803740294,11.999008953138883,15.02195712103213,B
8.79895355495973,5.583031214600531,17.739605772756533,16.63391299971848,B
5.087620669537844,36.04746122078519,16.28882033190109,9.500822445965682,D
17.323118446223646,42.63612931732784,8.99205763256705,13.056112675956069,A
7.496227540126171,31.88931154474295,18.865223115883207,15.840925756408376,D
27.847082857899373,21.6565170822018,12.638529892468053,11.891341261200704,C
26.79396780999143,18.743091917269403,6.294998358381212,13.21847956493038,C
14.989460711252711,40.942191302127235,8.635720064955544,5.288535387551381,A
22.14207652975673,38.37243601674963,7.414392895538838,11.703986295704068,A
10.629548433769166,6.278126201331317,15.667389492025821,9.734873430402535,B
24.103185557015962,23.001816685428583,9.612933240171275,13.486488074975444,C
26.005400593633773,19.989933640693497,9.871909474793135,14.705218462154122,C
5.905725309752703,9.93439027363276,14.186377980329508,6.048475633582617,B
10.041031267837646,37.20579683448062,18.78889708517491,14.882822385700322,D
10.301743626186889,11.617483822342589,15.25853052714036,16.572694039719522,B
21.19883059634767,28.696894701659886,10.390337084161997,18.552927960195113,D
28.18215973365838,20.282519616518535,6.370397296529578,11.104829367949343,C
10.041245462006602,4.465896509115861,13.916660595780401,11.826887024963572,B
14.71275745792639,25.11953137227379,11.23381729873714,16.018862146775135,D
11.870360828273148,12.672015044294184,16.538750540483328,2.376283576935326,B
20.07739120713729,19.388118199337814,12.379804021405844,7.4291582306135595,C
22.848501711358253,36.91293544911587,11.005854102943873,8.287974772649218,A
10.845292110439901,29.190422948555735,12.512287367044216,15.655081785218458,D
11.620369079201481,16.871401211591618,19.80080345624628,9.433495659346649,B
10.646659161366054,11.70402207767926,15.247833096468604,7.535396448941418,B
12.418728120983204,36.6732442385373,13.579667510176318,11.993724039476248,D
2.37672850080029,27.727657118851226,12.936973818858588,20.05572080945278,D
22.412907798632098,19.794458323208715,6.6731871909441445,13.376012518342046,C
21.410021337684523,36.78861925501868,9.739141271263268,7.529995143765664,A
11.167281906597161,13.513123193861464,14.020317066962377,9.975370353191158,B
11.253401749618245,6.279350990776689,17.700162728292216,15.406726689371641,B
9.829592286035853,31.55315525587297,19.46390611210697,11.317847347634238,D
10.799138485677696,33.765391626041634,20.405694258992813,12.047369608192055,D
12.802539245499174,5.825484191787341,17.607019028456282,10.552543794110639,B
24.38001915839637,16.882447859284763,6.777807694440957,18.22677181478602,C
11.680566488846775,32.229947183619586,17.945645614785086,13.455986551162752,D
8.079865372726818,37.3151017175529,11.847727861938603,9.23747062721593,D
8.366178273303566,34.418217685888195,14.735539096187185,13.31000513269826,D
26.99832443946142,23.75305226550832,8.237016969211172,12.94544299023198,C
21.82386906502896,19.326585272714325,5.756194894288819,14.71790519347456,C
23.999142969801895,25.239188477322894,14.140918450660974,17.51614007934902,C
6.345377438045064,37.2713056530443,13.663748206546517,18.63063449978706,D
29.38200693963561,15.993575790650908,9.680565430958385,13.594502635704794,C
18.03755686843551,14.608047098452573,11.09908992137211,16.305066030983532,C
13.135070126508072,11.797118579128552,13.977922968366208,6.210481263744537,B
25.48560837951563,15.539882212929541,5.091843134901509,13.925260296054972,C
14.983785027324059,24.253437341261673,16.9946185825942,12.769250159897961,D
14.204570248015736,10.475301540356595,11.574295742388461,6.067088888676363,B
7.238274282556159,35.7155696974319,19.024406824100996,15.099170637004168,D
19.774044981807634,43.41899309951678,12.586024716203795,7.509468399072334,A
7.019915873730594,16.126216449480864,15.114354000538201,8.263245580170377,B
19.032822882873383,38.724268150915925,10.459813735850775,9.036275599060978,A
17.861721538054717,7.757580465803862,11.098959503344982,7.58844878790544,B
25.028141703657845,39.88851143386036,10.487674242878454,5.546092860736022,A
12.112333066424746,5.512961451228952,22.579104721067996,15.309764164590202,B
12.473671658692709,11.593535099607086,14.615274077916894,9.18468530052791,B
20.898760998927525,39.63858295766566,9.09600179804595,12.66146284031963,A
26.77334159109936,17.822210848857303,4.670311683235349,16.949374422026104,C
10.464006500938996,13.124705166455746,14.88219602688614,7.15320156745071,B
7.559212008716479,8.435075470088144,14.780641062155409,6.10786103212978,B
17.07718894637467,21.312569719370536,9.711797236230268,13.321319447241677,C
31.493361732971678,24.95479679161138,8.940388940835113,18.463878046775616,C
18.984242173887345,37.83988752224408,9.6410512207092,9.04493637762404,A
12.063644173524263,10.149571799799467,19.044107341274156,12.723096393963695,B
17.05210517340578,43.253570179161905,12.238150682224825,13.437410165982474,A
10.315696411177827,9.72502177569885,15.093802641082709,9.723663655924133,B
24.567226309377894,21.767394935119942,16.032936964835415,17.495556803988283,C
18.35361758298749,38.71441508515003,7.454895311781588,9.805363110147873,A
22.32602124027779,39.56170899418245,6.445200320898907,14.99489019937501,A
24.341685916826226,16.374882958316753,14.12240326646981,6.931916007347677,C
19.34588638572275,39.54438804052514,9.492757898083333,9.725293051726716,A
10.740298071939911,14.577872682654425,12.681684351065394,12.646169798089032,B
25.710083655549177,24.363432993130523,12.452380381827924,17.438277290176927,C
12.194976781091178,9.803534874566552,16.044507705725426,11.989774269037522,B
18.17738835301326,40.49139350182196,10.886894232783046,11.542216385983197,A
18.754918873269236,44.82383013454246,12.373552017314402,10.218878103462977,A
21.676426125777276,38.231235756223555,10.099416836466238,6.082513222845994,A
23.427472515727803,38.725391894653804,10.812174039490465,12.492794951979398,A
7.259612078674293,27.161915957168,17.97520061506393,17.368596363126937,D
7.777399887387782,8.175126549755515,13.077822827429403,6.597065218833317,B
7.5541730165906245,15.403641972425605,15.645721402918834,6.980903434964349,B
6.220637969784189,10.085861512563348,19.02786603153106,7.780192441104221,B
16.600548186240466,39.896497971105084,8.105322848937085,9.874789764287945,A
4.907067296675534,36.127073686140164,14.85691110105136,18.16344600863501,D
28.76963115531638,19.21310703555447,7.9831536432058385,17.011131210524006,C
27.217368658611402,17.86914708904004,9.208571355826153,21.740320081108344,C
14.117635672923663,30.40823916425627,25.19245079126076,13.256303508191646,D
11.70537675677283,9.001564705443371,16.44127348835336,7.095441808278685,B
29.969523902687527,16.62212687177454,12.37848753017779,13.516741130076833,C
16.73368287066171,44.14532669904547,9.704589887178576,8.299554490007875,A
14.592797053086475,10.277343206409427,14.702975066147769,6.848038490237531,B
10.971559291133081,28.396661158928197,10.913760589673238,13.119902733379988,D
26.967045870699636,16.472315688506356,7.634379070996442,13.553740400768671,C
7.31089083234346,4.111803972577744,19.754461582047053,11.943903373029665,B
12.255839763031588,11.688969155758382,11.41503958419402,8.498770998087208,B
17.99214653164593,38.83915577141127,12.554476463971682,8.618648316458177,A
13.351915946609994,8.443299386725444,12.738886601458198,10.413069477710042,B
8.238551147144603,32.72058306408733,19.260898835912563,16.428614645230926,D
25.357624144303898,21.76748152623004,14.651362616436282,15.762661854925842,C
9.598793189552673,27.186399631228756,16.21024400915368,19.36935550412319,D
11.292313404836925,9.550325224800583,11.981889426238826,7.535350523190602,B
27.275295800303102,26.373287459313865,7.269020460634776,20.089125120937084,C
24.845842859184206,26.85846701822019,13.298100078969384,7.982061006717481,C
11.328538341240217,10.655191219389812,13.967410630597856,9.24186798387518,B
7.3125527187675186,11.64498439149394,15.296002361447387,10.591543165592102,B
19.537365822476644,37.98087878095911,6.38366325109153,12.000744873350069,A
6.061450976350625,14.244622407767267,15.469428770838897,9.350968065112822,B
16.027202915797773,28.427694416826228,16.17509724306301,11.493872594240855,D
10.481983569459318,7.142065141553837,19.825566467846173,8.315263751190336,B
19.972135970395396,40.028747249675156,7.905804895230137,8.522042240588926,A
17.756497682745422,43.281175917852494,7.852569028889144,7.75264460883616,A
17.0671914872146,44.85905296412323,8.965952548100631,8.131362971398106,A
21.446303744322197,40.87413614248293,8.089640190233892,6.405521315496054,A
20.35488290830195,39.20167895713726,11.728846877675466,11.736872859140014,A
20.791336421284484,21.45634872045538,9.296823633796757,15.428859611786555,C
20.118621254425634,21.306111513884023,13.789352987318725,14.476436744165518,C
25.442990805357713,22.775524747440997,12.233084117234093,16.190086093908786,C
11.627832350496389,12.147816680310974,6.016161419317143,12.642812683242916,B
8.461128591625783,32.244011553990546,18.10973573517514,15.060587142515363,D
24.998539357555828,21.30954280089781,11.43343122383192,12.201422751153284,C
3.3102216497164774,32.48830078607241,18.443893081983788,8.236008952763804,D
24.824710754874125,17.04734537712426,12.275146905677694,13.725405668794854,C
11.667888039129394,12.677421661994591,13.733055527624188,10.314142088299853,B
27.877267248789984,19.253746670948626,5.640196534970411,10.90083382598051,C
18.151092509021716,43.85753648851684,6.767857725691378,10.667627173372956,A
8.300680438803342,9.076926167898995,15.80707221952874,11.574753590937648,B
9.818912516822984,7.866878209626666,17.159004511611997,9.254742079884885,B
27.77858126807933,17.55274652319559,10.15398429005396,13.888882239939749,C
20.287869682850232,39.052131092800195,5.644109505476924,6.741893114719211,A
4.146619756665999,28.280777959837398,15.251837421055619,11.51341914891676,D
6.1314917158271545,25.9578151648855,16.626628987830557,16.933886904342934,D
30.615142117954743,20.728243353704872,8.497716351497306,7.08214727664668,C
16.30122751092882,33.396460845881776,10.084419212260443,18.553576438289614,D
10.818483573678602,27.255592715354577,8.63115748673761,15.136759069662903,D
12.565352579888918,33.33540488701229,15.112679492759986,22.913490799518648,D
15.995409877568658,37.7820476453874,7.668027396233905,13.108298461137888,A
6.425818406801191,25.525896509651076,16.088442573049154,13.145182211464109,D
23.56423457526885,24.837636609375984,15.203738659299708,15.149729019592485,C
6.087117535201317,23.90799945528282,15.64945214952814,14.958834734665126,D
10.42688197180783,26.352474805823952,9.126532174142296,17.30591481223421,D
18.04342711043119,39.72402675243278,7.363428840037465,12.050619593311703,A
13.162533726816768,12.852501091011398,16.67789694417265,6.808913226923356,B
9.728219518438005,39.44091434261366,17.222182412282173,16.758089291335192,D
17.966589351989494,36.333939180493715,11.302662191131896,8.560530075467334,A
9.815085843483356,5.701793530197676,15.262594412765013,12.81624062704693,B
10.684159975372202,10.604439840113299,16.62232075590117,4.545767108849292,B
10.253961921547077,29.114438006611742,14.346404319974042,14.374786126645429,D
20.79290156573172,41.30010153642717,10.56402163617776,11.124280250579982,A
24.06196575810661,18.26187126594669,14.677351638129778,14.579856072663622,C
12.880143223449783,8.750502752689922,14.169531015678334,13.371715916843318,B
8.630861760957673,28.382822317482024,14.747480400094389,11.714939702328964,D
10.082529106089508,16.696049168575534,14.685060896943138,14.102244947380475,B
17.784198010183516,33.90552697807979,15.708633349365252,10.9073074798842,D
18.31416834835656,40.079576395685876,8.410384804052798,11.69108323736625,A
6.655577582514281,31.324369685953595,13.920475465720143,20.068523762480286,D
25.35817546391977,19.21567671527975,16.88705388750066,16.566891255099296,C
23.391307452056964,20.012541220841044,11.142312814044468,20.19095019790835,C
21.724545411336972,43.254615573912496,8.429781100896053,8.79743220384803,A
3.4632054394152725,8.111048719179456,13.040145894216334,10.23554207552253,B
23.184624594489925,19.008107789403116,12.857872079208196,15.008348192703323,C
13.629550379230915,5.781685685826967,10.185784410417039,14.37614424902798,B
14.854162807000677,7.526772636016496,16.267741116818648,11.642441716313995,B
7.273017905168329,27.55573634201946,12.164600719429576,20.806112067898265,D
16.93641120292458,42.11090744100387,7.4994616315260885,6.138072258055971,A
11.699610689399492,22.474064805874633,15.793308237421366,19.759912199183308,D
20.715859222230698,41.52210958618863,7.386866584632613,13.027863224206753,A
12.929941188029552,37.62822336967109,9.708753196867928,15.092846417301091,D
19.451147429171968,37.28990844832016,10.879450276703396,10.948088833838966,A
20.112835038580027,45.849062015050144,9.308917887460407,9.351057545414902,A
10.099269253416281,7.4375162175569365,12.840178403574317,7.319276793057426,B
8.764788362619,30.79469188059866,14.302831463734393,10.376830084147189,D
24.58494681757468,21.7092970665038,13.380776414608954,19.979116621391622,C
30.290737724595115,25.97263886541346,12.4562418024096,15.25649901202676,C
26.03276524155652,16.154310401664453,5.099103271552203,15.61138032514359,C
5.033967885070966,10.460933382447,10.246579310547194,12.533362919813758,B
12.494053173954304,11.463918047989013,12.241047929812016,17.928807163044226,B
24.023564381439392,21.854418242162353,7.412116441214316,13.684140119100594,C
17.991475839565396,38.276125555624496,8.861168741206642,10.043697897562641,A
12.427540890559488,6.405721359426885,16.219971262400644,13.60509356700252,B
23.41132962025618,38.27637703862516,8.369266000162453,8.697026719247223,A
22.456507909060207,19.239929094965415,10.476109260810318,12.065910955054546,C
5.029572246190842,29.88920616466559,15.700269835349772,6.526197461438816,D
12.142042278956415,28.4017245587064,11.267688636423596,14.04489473261907,D
20.770828114898364,36.5547913323398,9.220059730209467,7.899274011301734,A
5.924457602576363,32.78963881284708,12.185938737519113,12.539916605198023,D
30.786024413978623,17.552387206597682,11.351582319844292,15.353034721400592,C
17.65529942212137,41.08276988287836,8.985145682028792,11.810921262174912,A
19.504002757949884,40.235480750775366,7.130972637892162,9.104714811300358,A
26.739126006934644,17.67235433644458,12.56043053651754,16.118774240969255,C
15.439358360155424,40.759009761155006,11.931737092755954,5.846004272213591,A
9.817542868900563,31.487822206259914,13.22415996384203,16.67281339461247,D
20.914621969792144,43.24456316743397,11.202787815972089,16.898387785053956,A
5.635868090493146,29.492576508149547,30.20664085986846,24.26068253602378,D
22.39241874117309,23.542911785228675,4.6532881813742915,18.250596736824296,C
17.48292061925254,44.20394179066832,8.019283345484638,8.670985229971363,A
21.691151830904058,39.04497761105545,9.4393526643709,9.244375673862326,A
18.879586593298228,38.37665518067403,9.94144223744637,12.697986820281223,A
26.756299138326735,19.80365184330684,11.884529501240886,16.691696481232,C
21.375379940154268,20.495835077050355,9.961025304307665,19.704260311356993,C
9.553701543298962,10.28801261490931,14.864660088919996,10.237365171788605,B
18.61422593357175,38.82340585461302,9.457626075158377,11.113483127236993,A
26.74876434289188,15.73460659507981,10.861779664467512,11.787054928983846,C
21.60828616265732,36.07344147841637,9.482740809590071,12.200447280201956,A
22.05396428012449,40.0132316157484,12.001412008577493,10.195650437904153,A
12.987255331395733,27.45024318627826,18.487033983591317,16.498001148969156,D
20.743731967389486,20.492351661577864,7.397147388546944,14.443457119559742,C
10.672756662897045,4.9639349115140305,15.64489677187828,10.291657696008754,B
8.53082493288092,9.162109992164883,18.773232652488115,3.740095061738373,B
5.180680931650501,5.880839391874215,20.60004944499488,12.272404990184212,B
22.691010634766155,21.659027535469605,12.545112045071527,14.863831426676676,C
22.002940105516622,24.409563660309555,10.843488562157924,11.59688728690719,C
21.905948445881698,24.319504125230214,15.074466338764266,11.914935267360377,C
20.677925461593276,37.996257786514064,8.382046420380599,11.180617875219621,A
13.617525460414804,41.6340464886009,12.161090497148765,8.144587448983895,A
7.6511257439019165,27.42859480414973,12.654612356319063,13.212515739786813,D
16.34566827934648,38.2914005830283,10.918862240055672,10.475778893984849,A
18.70620239372399,37.55292535160307,8.90202619549463,10.453346073044553,A
10.719601317685836,10.47687602237693,15.578591866651157,6.528948157552397,B
26.437106269620166,21.683394475121183,7.775993464832565,17.984904188960286,C
23.463153866805577,39.242254366439816,11.102582268182879,10.44698216433295,A
25.36689730989525,16.523599738968567,8.828824379160572,11.921550159410156,C
4.627229827646241,33.03215220568703,12.664636624041297,10.905194190396582,D
19.077045405143892,39.40155205606018,12.749148989717783,11.638159326806495,A
20.20299828713759,21.086976486471674,8.225371787560947,7.962262059949428,C
10.628277851431234,26.078163017751375,12.728931033919253,12.635361324310587,D
7.934050232206198,29.6666948590133,15.524217796869847,11.483615950934958,D
18.094713720193756,37.78054965841016,12.34099635888115,8.685898517245151,A
15.28379838225959,12.262286990968729,13.124917827945985,8.828821918043475,B
9.814770095626297,8.659491239012137,14.448732809250023,12.473854658915403,B
13.485057078458103,32.642283232166314,19.696247415233195,17.124525493316792,D
20.244312419287137,41.457384199383235,9.001377426842812,10.925139719618796,A
2.507521350535975,36.28385883470317,20.240786068798243,15.36574733276459,D
21.456399965396677,24.376994413902022,9.179116877819373,11.97825546530376,C
8.339993315561504,26.587485500553434,9.279459170304271,20.331221341429952,D
7.7336118209031,6.396395442947832,16.56978521606423,8.387249894325814,B
8.19887266074748,24.323063676741317,20.803807256128508,12.736874685817558,D
8.708614264342621,13.448138150101371,15.892543061864838,10.132066828526044,B
28.46612983729581,25.6925102184729,14.524261073543641,20.30208802862552,C
20.56395415892201,43.47286328919482,15.03515038729617,9.233085559932489,A
23.503362078229898,38.97404551585532,11.322359046041456,10.61536947171211,A
15.136915664029889,7.62365493830455,11.863426328791602,6.745431821615664,B
24.670781423730887,21.39147825466113,6.42000735718525,10.972577985101736,C
19.06213220834679,36.93450952054245,10.458347998144003,14.177357581972142,A
18.506709827586594,39.40519567565998,6.439847727543671,8.766700291594514,A
2.703681791678533,27.685165948012525,11.30042770759813,16.318089768678142,D
15.610273541405702,41.127336154514786,8.289972755656958,14.14887699047468,A
20.584778886232847,21.799014629356222,13.80641210413413,17.58756586596559,C
14.561838695762365,25.254471997273193,10.739407582463674,6.345355948734552,D
9.082142274704823,8.684576625896181,13.889507506458893,7.122233822078235,B
15.159300485383731,40.471946491984575,11.309727559585514,10.221055217611653,A
3.2570877981297937,30.469899951951877,14.860191910449062,6.814427455007559,D
11.639929423795868,31.602561467238107,11.32592369411958,22.303543009230776,D
18.498356105855528,43.8806079501214,10.717261220008366,4.198514310523146,A
20.693088840241145,18.225826848071094,12.843167562696408,16.911951534303178,C
26.31574599018618,16.802419215080125,12.834092557850566,18.779759259998876,C
12.325069789672511,11.298512864499981,12.5738474040614,6.687628042602215,B
18.82783953008301,34.4963967862486,10.498250492241162,9.873491147595836,A
21.727054766968596,21.336384033667844,11.394036301691223,10.604787913904744,C
5.731615274120972,15.766974266333197,8.654831954436577,14.21609631617326,B
27.041788023874545,23.243116689080118,16.301619668610797,10.817136792877836,C
19.227467577382196,35.80999048417506,12.8808289119578,12.699046480092052,A
9.1329843671373,4.004081573249882,11.561998720477671,10.14119828397548,B
16.45935937771175,11.404914723068774,15.338213823707212,11.971803070914332,B
5.15657744822564,28.42506515322244,15.341010298281548,15.397687946834168,D
23.5466901146242,17.64217540041801,12.792696187983609,11.895921386449968,C
13.445051742073378,7.267448867084043,19.20853422030073,11.007534164215938,B
31.831163542937347,24.33979192439576,13.28504797687419,11.432620976732046,C
26.556734768425375,23.57837312854724,8.256259334948616,13.490049806133602,C
23.946168247168053,21.879457700597264,8.551686038326173,11.160762598934102,C
11.171094830525867,14.765592073292598,13.46722145630321,12.324184957201487,B
20.60529490246281,37.77819935661592,12.341856158838143,13.530819265093609,A
9.495357331698777,11.133730305215426,18.973076249987518,9.483397621909353,B
19.813330054372127,40.64679110057436,10.689001684960141,13.587623466972886,A
21.12048821105828,44.2404539320704,9.962855741613243,12.053514842562027,A
16.178137463725168,28.344950025122806,12.983471679345048,20.11411675593866,D
10.682037850430444,14.842748641840682,18.025791860580313,11.582792148322948,B
13.755354571644556,31.788216609296626,19.508618057886185,9.700690520161103,D
18.642846309958205,41.04012511565357,7.109543920445218,11.952995254274983,A
8.11768114754607,30.747882432853135,10.77787484543127,17.382447813178196,D
16.57310004364235,42.16413230703964,12.703440086145473,8.421560028876527,A
8.59752047902644,7.412520100825798,16.86755742091499,8.106424174759429,B
27.102118206065768,19.953624062230908,10.61030567045534,7.322108269068689,C
21.902594312867485,40.30418754123207,11.109658081863564,10.834185818435667,A
12.004997585157728,38.4480784944803,17.011187893810487,10.116764554324432,D
9.690361745614878,6.845828804019806,15.73994686575734,11.823977528219192,B
10.123246678431638,11.780397758809718,15.03055655613622,16.59488901601148,B
9.159997843559163,34.20861390735468,18.631616326550738,10.62709527016112,D
26.062797657341974,23.618849453844742,16.68269918944988,20.823555935532053,C
4.946448233725351,12.41969130368878,12.49442192942555,7.159778767128431,B
6.242219975490043,8.241039924366603,13.627078217131423,11.11543324449248,B
4.0700961570295044,30.160762063081176,20.47760861088833,14.8914202773341,D
4.498792200218098,32.49204078384296,14.341621072078349,16.65845407236506,D
15.578653873307424,40.88870448185942,12.036299556219666,10.147313972954075,A
20.118059325078747,22.784423431192923,9.597633818028768,16.735477341379006,C
11.269315814809348,32.45072314156439,12.667154820736055,17.576006795579644,D
28.102026181175138,19.806593514946215,4.748850684075003,12.135235507922136,C
25.536509641963484,22.429450478482604,8.849453075421874,17.323877764341777,C
28.687039120206567,18.028073179086405,13.551581931904218,20.041062743561678,C
19.39665552136724,37.80452414297482,11.748451208969543,7.346944281385227,A
10.056766311646584,9.753897540563548,12.128525705173768,13.041916462336484,B
24.142213855481007,17.274635845698356,4.101162632950705,16.06053867659655,C
3.518903590309752,34.42476589140418,11.00606142027835,12.255121944315858,D
22.14480981073084,42.85275466664393,13.666446788935444,12.13137984865308,A
28.27878325688896,22.696158077645244,10.492837281573825,16.65720891583262,C
17.823007127045294,38.55287583808896,9.221118669681568,10.140413355574363,A
9.375144690715011,14.723113712426715,15.596968483215564,15.966195755786174,B
8.806263704227476,12.347736642525932,9.830315247851031,15.392618161377714,B
8.042070324979877,33.05416586594368,10.56370907282249,15.77046444013845,D
20.021569747293942,41.31751052113665,11.13445478158921,5.425648972488672,A
19.741952870516105,41.02649625484593,10.360108927902195,13.635683767407437,A
11.095830308696161,24.694486029967354,19.55589524266506,18.93136487926956,D
31.69980393971985,14.169153731207984,15.693273468055537,14.259965982040551,C
26.61514107104399,19.837315953884882,8.482559835433914,15.132986047087302,C
10.484677801714504,14.690214235086788,12.628430934500768,7.278099635424018,B
24.807355066200962,43.70128697858606,14.668897401066424,12.265111645688464,A
19.330666157765084,37.179971671324985,10.70110426329074,7.517190972676048,A
8.974965707212359,10.072872742413342,18.839436061884065,7.342100553877142,B
24.84551098403268,25.66460763481191,11.99888437745438,13.097070896110282,C
3.546307954004787,31.858569595464257,18.456485325510428,8.974147336113127,D
24.84390212546049,20.910465167285686,9.755502256103355,15.87539867409094,C
8.626328543669631,26.611159288165883,10.145905588982078,10.18844670193599,D
10.385916570420942,25.300719596019754,14.510830567869679,13.289162987769696,D
8.830645296595423,29.22585155595589,19.708928217588664,19.15996713882675,D
24.10095605933829,21.02714989177438,13.746260059406108,12.479994990482169,C
6.652915829388046,36.450914379008346,21.056728524031193,15.924074728869105,D
11.014676421055345,11.955343785101848,15.004413000736232,7.699885436389299,B
20.699811497608096,39.7546240258926,12.27544727023148,10.793045537978255,A
19.885740098349412,40.551269139392936,7.425161791727559,9.125141588527239,A
22.158799145953285,37.988115648405326,15.866617576316404,6.802097232429354,A
20.092514304775374,41.91975601933176,11.474699551836299,9.090352975073024,A
9.232126992357195,8.955860861072141,12.65289909929373,11.875355969301191,B
13.120258735161109,10.493931428579193,17.655562623626782,14.421294445415214,B
23.991539915456457,22.491248438339653,6.717183416584792,15.958053073336535,C
22.4198519065018,17.625845567441107,9.708490615050128,20.610022702819975,C
11.126698229921965,23.896889952537812,16.912499985452055,14.627508831810248,D
16.271856018235987,41.098479253161344,10.416683738431322,11.587578592230265,A
11.26275485252697,10.739806558784004,13.123328894672241,12.976410485555517,B
17.652546068305536,42.54255247853311,13.557458741290265,10.9902164623914,A
8.526254626708356,31.955142970573885,16.16848647180345,12.632367546110425,D
17.106611852022866,39.219269372185764,9.60583245959046,15.641808743245523,A
23.49776746173733,24.81328897156414,8.0605406352043,20.24822021548567,C
2.2017128494809475,26.159577736222854,11.866002944054095,15.43007612666172,D
21.3431428821705,22.764667296249225,13.857988976058085,12.560244246739359,C
5.141920051307372,8.46687860925967,20.221888337685993,9.119544835331867,B
4.666630884437194,31.471136043681188,9.447066005320549,4.699189492922937,D
14.045791564875787,26.38523627973703,11.105884959305378,23.3129198512331,D
11.61498880982853,9.572663747471893,14.398939559985038,4.85786165185301,B
24.656435760779242,16.896850089803607,9.484262173960047,18.70932203226821,C
28.829584470053803,16.17015666437718,9.48326904919807,18.961341848899583,C
8.713893803242513,8.086478330579247,10.007481044501478,9.620292005081831,B
7.5034418975498145,10.517017417687565,10.052349076748603,14.195686276376605,B
22.82621055804518,26.07100261223298,6.155986990363386,17.004146735642767,C
17.43422475436441,25.962636050478224,13.121814565916356,14.80155736528001,D
12.662357147818527,30.01446520380281,21.186687352849678,15.85762405304393,D
13.209755640737574,31.156023569581464,12.785430440275075,16.345016081481642,D
23.06217641048415,40.16214026585894,6.800777066989401,8.536421989305568,A
13.511696677298978,34.415096009974754,14.159169837996952,13.223187744028204,D
14.343188898823723,24.47559965566817,11.318369471522924,14.358855118285488,D
22.352294036437783,41.01301020080722,11.24513101170714,9.934519406639374,A
35.25183684617352,20.780004130862203,13.41613133879124,9.550731236217587,C
10.57964065970109,13.892026267278672,18.003993052040187,11.791637513210276,B
7.095753647006266,11.431204277070595,13.932145520859581,17.620694862277514,B
18.73120599585661,37.37029974362081,16.24300097896752,4.386695879071495,A
26.965074683428945,15.591413409200975,8.835344323986718,14.28597244633224,C
10.508095813284761,21.803072347021335,9.973279487327511,18.758457574029798,D
27.31701878258166,18.806939563006853,4.680089391449462,14.242134948525601,C
-1.2426722193167876,29.397385447916427,13.075823912023859,14.06122258270832,D
25.859657497656215,19.884512319073668,4.532949803597568,18.521374734841416,C
19.33110402119555,22.0041945602178,16.65916369429441,12.285175622210103,C
2.490748727775612,34.35334083923803,14.67380594663789,12.787752355726468,D
23.315125815833284,24.8897285545981,15.242002595618473,16.978435208877578,C
7.035777866383482,30.240036267828494,19.56195369674836,15.691298701761413,D
24.889780770626736,40.975233306719815,8.36897854403245,9.022616562030997,A
10.120214369643326,9.01673524811075,19.36742385551053,10.166476676331408,B
6.187282007939716,28.08281040978227,9.617969087920102,1.4308000263104965,D
8.706710987467728,11.718254100571647,17.032671100763153,13.921551535243772,B
18.406407436119427,39.006820464178006,9.667798556032611,9.25552280149568,A
29.561133365769514,20.44987710899617,9.501432459239055,10.419327700164871,C
21.512800210205416,42.23888996387831,9.670228400550082,11.011904530101244,A
5.945242909915234,24.8896465108134,15.213729762729836,13.147056578747192,D
25.091863162515555,19.599826940446682,12.60243730427918,15.736257783204346,C
23.162712019801003,20.960459483487032,6.150102173507426,13.584767231316,C
8.55927387478533,8.430247169845314,18.06367422950149,12.12608581933128,B
18.31884888056012,39.10111709614865,7.967134294888865,5.684293494170808,A
9.283670379224787,23.794235447054756,21.441835913192975,17.25684256157927,D
10.261222421353393,26.905948788957154,16.57979275584899,12.984440448847405,D
24.549943573892737,21.593969968278834,10.780170368684956,7.449252692769386,C
15.965255381105122,39.468149299465075,7.7613335970158115,10.967256244648155,A
12.497952218393435,10.981198627363066,19.894792282596814,11.133277509192153,B
12.903021376764855,40.65090685487231,14.632755879462188,17.604840031798116,D
10.314721495256538,10.401738767846428,13.162122783375192,7.5315150271171545,B
11.569497310636502,27.38205397926016,10.860818860997645,11.891409961806758,D
26.654763796076757,18.155179364215854,8.123054495696252,19.234430277644343,C
13.35185039706457,5.308286095480701,15.055882111984067,13.162974924712234,B
11.496180874935796,7.786204659276311,11.388794423400661,11.251130508902811,B
21.56307862756797,35.99485586098313,7.239041651428874,10.130412698152435,A
8.020171884692987,10.639051502289663,16.79810811756689,9.231049318931072,B
18.824917793247813,39.45817132356115,7.6746087436891965,9.553527269781677,A
6.693309427278728,9.926351729072863,12.492431797555136,7.173719233380652,B
14.23183024592754,32.420885433327435,10.397577456983797,25.21779767500551,D
20.443565355634384,38.99554765947934,5.924504132584889,11.156955638814436,A
6.312129362762465,37.09622535081575,15.115024950854744,17.211855397582145,D
9.513344657269927,12.308290534531912,15.991598229704747,9.564176628385692,B
19.67473261451574,40.23488307346392,12.357615218306295,3.150807082026109,A
29.6399778576353,18.803062028105817,8.105241440490728,15.32032681372607,C
7.596172082470172,32.82588645480949,15.817274362464463,7.31717760428028,D
12.776706881568055,29.1431724609362,21.023012955030033,12.617864502777284,D
14.300057508645976,11.255194033927577,16.30663847788696,8.202327167620842,B
7.102059700801821,26.78833035424413,14.90932423862261,8.902419401004552,D
5.273474740348286,28.659634798592855,22.30691388264346,9.17534220510764,D
16.244008576545717,35.555832613165734,8.668243020051113,12.72687433608625,A
23.057057790769424,19.396311890125638,4.88391580224147,9.57921352049067,C
6.671567339091564,8.357445697961705,16.997901438208615,2.3963366137473106,B
13.664154878377595,9.421474514368105,14.900042151464541,5.407589507801522,B
10.076156813219377,11.831175292916239,15.858037580934354,12.935701892338129,B
8.79610658459947,9.05003411484368,16.79071944374386,7.038139919627042,B
11.812410221328053,5.111249191754685,8.636470665292691,4.4834601887245045,B
24.379636843337103,18.67156057773949,10.697889754819201,21.810164869572144,C
20.02625005180205,44.46467623476459,10.31728023175905,11.004973408611754,A
22.953446503220714,38.42024060498708,10.409821431131467,10.240803389802991,A
11.64908908664428,32.14958698750727,16.13071379665908,10.62983674243545,D
13.177081763325898,6.932306826217943,12.434278628247407,13.771658952486982,B
6.705546894166419,26.821175529611132,16.555967780012192,11.951844160638291,D
25.8368047813076,17.87239393801316,6.733393159205772,14.879337338690606,C
23.316154105914233,37.58848393948434,10.14973670779069,9.468692388074228,A
10.442303204952916,7.0676053682623925,17.63816982574011,11.906273579661987,B
10.602792575148872,32.78207324598521,15.02375525754601,10.804398514149142,D
16.123926637291298,41.04329705257959,7.639078772939266,10.59525786958078,A
22.970074480880754,40.792356529812125,12.302147059452047,10.796819132357554,A
21.123235846846395,20.82242017511168,12.201498556098876,16.09911845276501,C
22.42646498600959,17.781039692391474,8.62292807585018,15.009511389617384,C
23.285601234034566,22.305807495920295,7.910790108758819,14.219642859603672,C
28.783695804304756,25.503156111373286,8.80127733412345,11.501994942034678,C
16.962399517840893,10.351272616466327,16.602603512537314,10.953655291714545,B
7.228263952569994,14.236455094895891,10.858707743078192,8.392256315001514,B
25.532619414558933,18.69055787907493,9.952919857249135,17.85415189234021,C
3.4692209353964296,32.93489395142002,14.583804757324083,18.524899785815727,D
9.819137399082642,10.834243143903832,13.071142339941328,10.450345681018387,B
8.413390439331653,10.52113555896107,16.699635947454638,10.438913338003132,B
25.404827759162213,18.084255489954668,8.072202010026059,17.77214524448041,C
19.134376380881726,38.01340919732125,10.494918224862419,12.704838046193164,A
13.945412997162917,9.029627582549729,15.593484503549604,10.293252407266555,B
21.24672568727457,42.61993038992013,10.710699177018036,14.356671951639079,A
14.566591781904407,35.096620110060734,8.34120784244434,16.7215155391322,D
13.558054212023045,36.16373190163663,9.136342685968192,14.721645780244812,D
12.032386508039234,10.155461168447264,12.362518113494776,9.30669517722101,B
14.546371430862745,32.83407976331202,14.44541502513052,18.69608135305113,D
12.75166462634757,9.828871397013435,17.630180321071357,4.519265865086447,B
23.831948035896144,43.67339692475071,10.38736856424229,10.945406299005434,A
22.715334927279503,14.89370744290936,10.594572859289235,15.317890744627139,C
19.086122275034906,42.345231352264115,10.741832931235283,12.074965397702758,A
13.88844960258365,11.849377937878465,16.60978956170047,11.214086366842901,B
22.57609566853901,34.8816909673551,6.933445851508461,12.418615375125587,A
25.67438655996902,36.36408581350309,10.114396293253614,9.532040374935416,A
11.583904844558447,37.24602281928098,11.523689656000354,13.16708338519007,D
15.923140023404013,20.34037806942225,11.448697845385816,14.302519807798928,C
21.423303364505752,15.973467805635217,7.073610171747308,17.24773830165299,C
17.780535630924717,35.048008829440185,9.13021962668462,10.39087242275995,A
21.754229751744617,23.10918601698895,8.163403157632228,10.151528456814805,C
20.95683107503067,39.91439429867012,12.740867114164496,9.41446049663866,A
23.52793015972403,41.96450956707793,9.856326203836513,9.021957369564959,A
9.879466774089494,29.741086461538426,17.89899660131704,20.65843897075588,D
19.11501522186629,36.56262176645495,8.390953992917774,4.441492119438934,A
8.76332594247408,28.526338234449618,13.524945855177798,12.47909700947758,D
9.910431635090902,9.645487646900225,14.571936863779605,6.317090738768776,B
15.392326124608378,38.80506498989878,8.800860464980131,11.550895745858782,A
26.131747860180905,15.20713106583495,7.317853403627459,19.485289691274467,C
1.667922563717699,13.455201924342397,13.23231304046955,8.654604981387822,B
8.586532445138623,32.97180390643333,18.375955653431582,16.371906151467744,D
24.97925407958369,24.78121023941166,15.442899112206737,17.146641792150454,C
21.895834858006435,23.074063152063857,10.302583834026578,15.866972324633885,C
9.923767144898836,30.822626696078068,12.294288644628459,16.976412104055676,D
6.352926060773906,34.48762939539107,20.57134973102743,9.491925716835452,D
10.758410516257463,8.77595587288031,20.32397568292,8.82054041573766,B
24.623978116699092,39.46458335949979,8.752458405014544,10.053378059608871,A
22.17356085457547,17.402467434223652,6.709451928446576,13.612166913442888,C
14.58572805547138,30.287940779744087,15.832932682844026,8.924525363369883,D
25.453440821911766,15.079115216000801,14.127969934209261,17.928225955052124,C
10.337672592719363,8.033364911546926,15.202550571522975,12.332812413708737,B
5.551349927277872,6.071763561006957,17.45358549355499,10.714600576066116,B
10.61525987569556,13.484601410677351,17.972727521054537,9.439872664570663,B
16.148007463888437,40.15815498550083,10.391266344913438,10.58045259050069,A
24.80789135335964,21.82895160699584,5.567800630629661,14.784768325002899,C
18.566381411154957,22.2856304919225,9.340428212544762,10.8845775422162,C
19.011927543364113,37.101448709000216,9.785173082570967,10.48573234511443,A
26.09421887054895,19.322876410233782,14.344547271105968,14.454357049820038,C
6.114630720666692,26.543807444211094,6.6656306428203,10.395399457493756,D
23.295179989008616,23.146385881058208,11.78806187662346,19.59954051834882,C
15.715190921680053,9.955668341020466,14.098563643243732,8.934913806833878,B
19.215187252115047,23.730743865509112,10.223636670775624,9.374379442680798,C
3.464815929388811,33.58466877499707,14.033387349475117,15.634607720264972,D
14.279169567435863,36.38161667430476,19.830210336637748,17.14952077343613,D
20.533700122275423,36.978565865666944,9.394950425324451,13.795652925889264,A
25.254372646863263,19.279580911734417,8.67858578329249,17.99124955049357,C
27.050477820362776,23.97735827138909,12.350658002125684,11.590413977349534,C
20.135766433863274,13.162125030832078,11.035226809774105,17.949060787599432,C
5.969780496868097,32.26747748976428,12.13422336965409,12.974905867302045,D
21.96581990527244,38.833952258160146,7.638884360204374,8.974875766993629,A
25.90579148569213,23.640836374873455,9.346581772598865,10.997255114553527,C
27.567582038802794,27.041524920942965,6.859066737290321,19.676822817844172,C
14.4679622376614,28.90577688836868,14.635869328568779,7.684093458816219,D
10.135497567816493,15.578039001554885,10.121034186519509,9.595532646716938,B
11.355416648730946,33.112014173471714,17.718837764081197,13.456673999553994,D
21.016038734190516,39.5170582461254,11.889350722236356,8.652168408117525,A
21.157825823296516,40.697739410981136,10.847260313039861,15.052608903711993,A
5.962397678994273,25.852531355502613,16.650393660302,17.10556832060445,D
13.31108187238645,11.20159205379612,12.426892130859319,10.406363989569941,B
2.893235924283003,26.26086789507576,5.747192265211732,13.735433697001135,D
22.189581903968328,39.71223132878193,11.143539015552477,7.588469965665679,A
26.92449903553737,20.003149743348875,4.601991472201124,18.017518199094937,C
9.952662348637014,8.524809675959418,17.862568742696293,11.632434257074024,B
10.008300087677465,34.10720231540387,9.099358067874537,19.04277486395122,D
6.582975420649104,6.356795851122223,17.612885346514858,7.36608815039239,B
17.465324842993383,15.087908599042507,15.425419917460363,15.500306085447036,B
23.720630484489,44.73972294007646,12.946948927899127,9.550187910469123,A
7.12855758054695,5.9547270426348975,13.795327366501969,8.59457186596083,B
12.205894187203679,26.749935815257594,15.899792196257495,13.686795573110109,D
19.853593927016714,23.53649643593928,11.736627943009331,17.019345626895287,C
26.198495729503897,19.218008607318563,18.62512676730378,15.678411079249447,C
25.642000263336335,21.007704012753475,7.954686536410373,16.279570110786228,C
21.60032881524398,35.957609889222915,9.93918468900266,8.154922726985777,A
26.068622642543744,23.584577264705743,10.856136264653152,12.27026862876249,C
23.56550911546063,18.41331898751519,13.12447853505795,13.342385800627197,C
23.58084640000765,21.51878638880601,9.35743232785306,16.138195501404727,C
11.516160815732029,11.07774746954037,10.252516566054725,16.73080568374792,B
11.326761382180596,29.337484866827417,13.379574842154154,21.981138290750376,D
25.31176670873797,19.547962811389603,10.926585652144976,9.183530714736126,C
17.98593373115158,37.20422018919592,9.67236497114647,12.832699698899305,A
27.22035335616168,25.702465194856018,10.48672452606639,11.998154283986102,C
29.29332390825618,22.33224089787566,12.891439979509176,14.797852045674505,C
8.058839420851722,10.513730635456637,15.116726117568644,11.879692752236082,B
21.234354443372972,39.709740152414085,4.923288830546264,15.161232153398299,A
20.378161286101886,21.746794964851183,11.07171188706298,16.27294262449677,C
13.900553642314513,24.68265372266293,12.835812872321316,14.634249075001957,D
20.16629305595792,40.75617974434945,8.41419476579759,9.093147085032154,A
12.881671673371685,10.677521435808071,13.35150436108788,6.704287817334011,B
10.496473150935309,37.348322751470974,15.034219704025244,10.931935193500749,D
9.338162943057242,34.772964543872845,19.19552206567197,17.274443330843546,D
11.225089953220735,33.996599400789464,11.135747259823722,23.640052433482943,D
10.573855712285521,33.54785026463386,15.522096103459761,8.341706996129425,D
5.5562621134081045,6.182325594903049,19.55627801089074,6.486518615649759,B
7.807379242145842,5.074890313570648,15.826999648022323,7.874844842985679,B
18.35884081257117,32.91361373681325,15.291977553709188,5.972803991375166,A
24.1203373305189,40.410569388718336,11.418225694631673,9.443312248712115,A
19.116420628107,35.95881452837242,9.270406593130343,8.096269470470942,A
19.443485797629197,37.71730195489551,5.796954461263916,7.777571604761375,A
24.224489606286,21.484884163353044,7.0282449455721885,20.70325015131315,C
20.559608908282275,40.82405745531935,13.214960017700733,6.23250400446432,A
25.835385498261424,19.59322146161787,3.1979010204961202,16.779047149578908,C
6.947536818619854,36.07393170311889,15.94185810154168,15.44923075370908,D
17.870677006866025,44.5568090003199,8.696050805016567,7.038283523971121,A
13.655538633134029,28.96842056156257,15.435261083656853,9.018356498958923,D
20.927062503202755,40.35515451296809,13.799987151914433,14.298973268540486,A
19.957448965346398,40.9478793388877,15.64827237672713,9.894357120848394,A
25.333941565394035,28.180933815173965,8.62512788758827,13.823041493200476,C
18.759744165043593,39.812987543299144,10.030579959097043,13.923149036339762,A
10.552286577782427,34.818401866596716,26.525842852655856,12.624552338469249,D
16.485092709330253,38.52485588532615,9.723776487335181,5.848250470326842,A
23.170975104638188,18.925038979444604,8.428370004935621,16.71839869313693,C
12.9151260850464,33.54200443847791,7.251914370203043,14.402063951405319,D
21.165150698596207,16.174861877858895,8.84146288809389,16.576010907265704,C
13.62881947273299,26.61823463172973,12.895026636908968,15.728399115238267,D
26.807776054986157,21.432532488243343,8.533213025172623,16.389871827574225,C
31.636637800216004,17.200748515649803,9.014485992199642,12.937146543075007,C
30.333199191659688,19.799515800733197,4.930365978632041,9.495212416081394,C
7.696257569913861,36.244394227583,10.473843031919404,13.81507338240717,D
31.28921482901225,19.284813720839335,8.43229806554561,14.304497284152205,C
9.025195125038502,7.866080920771634,13.835537422553251,9.820215991986728,B
9.646507501070348,31.070683573443116,23.494105691920694,20.5873963505256,D
5.9496562986481445,30.97994082835247,24.649390966050618,13.171132990157341,D
2.7364446219287046,33.00439839117815,16.201137294483203,23.442434134352077,D
18.503365157692535,37.21025753509901,11.916657954112715,10.890732043680723,A
19.001296136573988,21.417780956145698,5.062118403168823,15.577194552391445,C
8.679048426941822,26.660771345861967,19.941529568037907,14.024784811443512,D
26.596572639742966,16.69295430914196,11.997759852835507,20.399787184025683,C
10.052546839834655,10.970877293827357,13.998627118939307,9.939612688367388,B
2.0160925233729428,26.455116723301533,15.86906673877332,8.417625104840031,D
22.309027941138165,15.908164884372905,13.862263183549315,12.986604018178587,C
18.52149333047972,42.81104796127592,11.888489239158346,12.168518528387295,A
12.191055371131057,13.31373542071443,11.955522276796676,8.193004439251414,B
4.670818132580717,37.561614812326624,13.758756601683134,15.419020177048921,D
8.632523956601894,14.278476256057798,17.808387444933246,12.035140296521412,B
21.619161494053458,17.46491038269107,7.293826214217964,9.785234471224776,C
30.940712683548824,18.016889413768034,6.488569850836388,15.611203522347495,C
9.125074040944467,4.776931574923296,12.659086780495382,10.813338389340144,B
11.202657037312363,9.971028290401275,9.608506153813146,7.593240484807568,B
19.861618629944026,39.34015662851828,10.882041516235946,9.618063941136478,A
3.8775350224055325,31.310492716939127,16.116785970056842,13.491795174908885,D
10.569107836239986,15.107710456725375,15.202902690200759,8.610934737672848,B
8.49286356356986,26.363870694991636,14.419319023227128,12.854669915204344,D
17.858626729414475,36.146031500820534,16.48606146942038,8.989919265372658,A
25.370421252658726,16.98821588511637,4.290731723212635,13.944846897984075,C
21.938681173039043,17.60459455350851,7.5104998553634665,18.947848187266832,C
12.279377271200364,32.96620420383876,15.209115804537205,13.561021694095361,D
11.48093226257459,11.461045977941138,12.482611791473358,12.97036415163758,B
4.687981490807561,30.925867039172843,18.98603220426763,12.807450128843323,D
15.48112222487085,16.161893885175484,10.057720204433027,10.723782828568298,C
18.259183365347294,39.27400724799033,13.319456739894957,9.7467962844565,A
22.529606082485472,38.35512238809708,11.170963085692629,14.339697494214283,A
23.735197682894015,39.487104340585496,10.782669254127253,7.864760651745688,A
4.6076325868993075,6.80970118553618,12.961220872367567,8.307046270952533,B
32.66016537587993,19.230794550003232,13.152533667812133,18.119774372235305,C
10.394721903724205,5.78331985782433,13.95065345966539,16.070415849309924,B
22.40173349615165,43.322657116349205,7.956267255959434,6.496631767401723,A
18.742958248393656,46.03113419885937,7.59873904591713,8.01720659323082,A
10.597887034233624,33.154517332262955,19.775241962501024,12.929109431498917,D
27.07104441303049,18.333214472898657,4.005797370611407,17.1453332886405,C
22.750710845550934,43.245054930815556,16.740560131408948,9.815188334298963,A
11.067110547171954,8.568141188790312,16.39913872314594,9.716822480766446,B
21.734432881725333,39.60106640463433,9.665746100828901,12.694359514940658,A
18.085744513804784,41.38946741020718,10.025873286415749,11.800084398354132,A
12.453932821764418,9.16325717469028,19.294703272347874,14.386642512341258,B
14.82449848704868,35.81151106206823,14.885267050009627,21.73383179469157,D
18.18600655384104,36.54159011151236,6.042654006662295,11.525948447768013,A
10.957355200258847,10.921794341516772,10.084729122774624,4.670834150960273,B
19.89457137177355,39.282782019025234,9.845933994760882,9.731736809272064,A
14.265926677877395,11.369090090442356,13.413988023193534,9.675988489657126,B
23.162694595221915,40.52874253182969,8.237696618731388,11.699937110612757,A
5.271586402766708,27.135287770951038,8.43378418059195,11.439897792907043,D
18.330699284101502,40.817406488511146,10.825087786275779,15.564860829345648,A
10.621812240920857,10.923197724038296,15.477751405121108,4.124353134590384,B
9.306599166491202,34.92501423837324,8.656589699279902,19.125276417426505,D
6.361396551372926,10.851308663150036,14.153412369928695,6.525390444447913,B
18.700800864866395,16.133584484780368,11.424956158791367,12.800048469143936,C
21.985745563104754,18.216417034687748,13.845035768809012,14.55526493006519,C
14.278449899963679,40.62871103755384,4.9589834305005995,8.651363416563747,A
23.231307473357404,12.936013460760243,6.804074618509129,14.375401147859579,C
17.931609701146474,16.55526849204503,9.342717773088175,16.704280567289764,C
21.665957705079787,38.84820053152862,6.664353821493116,6.633206235506112,A
24.01843276486391,15.869000377770833,13.542589033111758,19.844653536032872,C
8.553310170582593,38.6148780313586,18.389633421926135,14.205120614764928,D
22.27970185245703,18.949987480717716,6.477043273220168,7.4984217716645905,C
8.205548642450543,5.439882144423809,16.25356110965198,9.879943823945101,B
19.16277037490517,22.058132120589345,15.44953514536256,18.094095190992142,C
3.8061157970861563,35.245708505399804,14.926283799226532,13.706845454977998,D
9.379165868328126,7.965713617641259,17.26197440093544,13.195946476293985,B
6.860861083757488,29.319510780995337,13.063158313044386,13.68832777475833,D
18.679223080888022,19.932370228100577,13.712502497697594,11.989548932976385,C
9.241817326973697,31.71211242808547,17.22787326736252,8.055032782799396,D
15.057376907977911,5.055861380901461,15.896140979976026,12.731937016689912,B
18.576719866324538,40.6747608873519,8.832886134868094,6.457734717184351,A
11.341636262364494,8.151636630029563,16.398870130650568,15.14449482602813,B
5.776162563724175,32.323730355415336,18.56606127995698,18.138221337283984,D
22.671273498290024,38.86653549037153,8.280405972428294,6.964806492264699,A
5.6607368080500144,8.642949173292724,15.958295499994591,9.586662357142687,B
21.726072560957622,41.99168027091168,8.355184768658011,12.422206596407626,A
12.584871099580704,29.473716354952288,14.298534579610129,19.88633256510393,D
7.828213887824194,6.641115298958637,12.609674081081097,14.644200404136216,B
26.41510020165147,21.76520251307048,5.996067551404409,12.481491504287172,C
23.613568807869928,27.88999294581737,12.354228514988328,15.909413732512165,C
20.370434081673714,18.431010202944215,8.663927194658019,14.465219378092696,C
4.474353397270869,27.549445758525763,13.47484052076682,10.004204267708502,D
18.330718198573603,44.20480435018284,7.868535382073382,10.057399389019878,A
17.055927593793424,37.14950924766259,14.387465384355146,9.66752894422602,A
26.92776014935956,22.08398104867303,11.55698703365278,14.986830139992415,C
24.392371174982163,23.143842178412655,9.307743919145445,12.06778309215178,C
11.269599441316098,36.02226779902924,18.046816579440538,16.727541936578522,D
5.1870261784960965,34.71212494057349,15.434592814779414,15.176516395185102,D
12.2934923591006,9.194881794371856,14.490725118292543,9.59760165169474,B
20.941063827889074,37.25149802353951,10.74559543551514,13.315964741717575,A
9.590251863146865,27.520780900690646,14.718641519369028,18.19117976905137,D
29.698237919402835,20.692486583485035,12.107572213516223,18.05645566905246,C
9.282110226572968,9.259619326633745,11.761970501925013,9.65732334564946,B
1.613770075137408,36.48691191299838,11.54716712371571,9.869986342819832,D
7.677114758539586,9.191830664646279,17.476116696262544,9.1050304930125,B
17.731754089041893,40.12986348949035,11.822726405443841,10.322457276893527,A
21.680736892531087,41.01865459060278,8.075209813886708,11.348122978229544,A
14.454776796099862,3.6283299458633227,16.37875471450217,10.84017358011304,B
13.124669064728982,26.4972726911178,17.455925233877704,12.69418138817207,D
5.355237031452873,11.595923917021574,18.781706535126446,9.698819489795902,B
16.669470863513745,35.07843827553495,8.349859199664794,10.43954738324007,A
21.156657138731045,21.792933543890936,10.300450868698581,13.271256525199277,C
10.497590567960613,13.98742384823666,14.854966128660541,8.17569622914493,B
10.009413057963288,23.989398545960842,11.37785681912202,16.060162408957275,D
21.165416065085076,39.074393898239144,8.865489897369997,11.008161350408116,A
21.171367301429584,20.72028881306928,5.427174669770897,11.59318411355138,C
4.8091718153497425,11.76622722042252,16.152970215633736,13.029135564435144,B
20.09657637960047,35.858212244195116,7.5362231557896235,6.320412481341033,A
6.630022011634203,29.301545387400736,14.123023392572508,13.214140834668148,D
11.304423873193475,11.620283381574417,17.197272029264628,8.874332797717981,B
8.30350658087603,11.428094150314344,8.525794308116229,13.95565305427251,B
17.02785185553993,38.73295911425328,8.50921490387373,9.868581759326135,A
29.34872869486465,15.750239515242313,6.936958378801292,12.92267888928366,C
25.759791744209856,37.34996044319613,9.660125748304198,12.842228406506738,A
5.446704167139935,30.516648696961504,15.256096791627312,17.820324405977875,D
5.326004415449811,8.478895690703988,17.53498680900251,7.973218517109811,B
25.725669161159914,22.657048362878818,10.35197471084007,11.657700348339663,C
19.019027504625907,32.38464236300018,11.3582797284688,11.097607394180105,A
7.730519413357755,10.904542172190299,18.11728932113518,11.437285672294685,B
27.46254944125186,23.25200801719042,11.299103934271637,11.535621076585082,C
23.676376835874535,22.98511184044107,2.4815853261918583,11.383923286480215,C
10.295133720446428,11.144248762627512,15.20247677172242,10.049014252338678,B
11.668215555968496,27.568528206442128,19.19194645916852,14.864692133710477,D
19.310823663598608,38.22568008538278,14.347181693636276,12.485985978288747,A
26.94266779843652,22.295735439803757,9.101724525818318,14.865331696163663,C
8.796295870266453,7.599752571746196,11.870611505893933,7.428765433986506,B
24.44943149101802,20.966839482069908,7.811639271049891,12.42228089972988,C
6.686150207420588,9.907191228178123,19.736595583249464,7.6134983498401265,B
18.20098902862052,37.967517528614806,10.686290894309849,7.77271229251118,A
7.530630613791638,32.085976965244214,19.32378667941955,18.557503632621017,D
19.103448643941206,18.252041336422867,5.00571810100553,11.736004195360454,C
8.763184736186371,8.789622449737596,9.50991434871657,7.912494641951358,B
25.37328303076061,25.31651147977651,12.743105727861547,21.654690181468393,C
10.091639743121851,9.889349407464799,18.809294250942912,7.870437453561689,B
14.891859047683354,28.674765455881992,17.399946972649367,11.926466722809291,D
18.125774138242758,40.08202186903428,3.5430084175751384,7.115124090869976,A
21.43602236051602,17.709004527508455,10.725260876938338,17.042494744182562,C
5.883548126802739,33.89232001659866,22.987064006191144,19.212799592328444,D
16.38764950231657,36.97364251469162,8.028326863726585,12.736595936780228,A
18.726394515755096,31.758200824125232,13.675266599304681,12.71312386608624,D
23.94997669345885,23.064282035994843,10.882947732142439,22.999604135348232,C
8.993374564214417,27.652389419279995,12.495766912440706,9.679222350702018,D
10.574352616071735,12.641533597531332,13.637758912453185,10.257855920303154,B
5.9547607367316395,13.794949989568767,14.09764837057192,8.018174218069024,B
25.957861937159855,42.361198717476036,7.717944436389604,12.792540720239632,A
6.98703186335616,7.005424815304408,10.880872347147314,6.7967739669426805,B
14.330365481883574,31.47201463712217,16.475554830342663,13.854726876759898,D
28.02056003602882,17.936057715052364,9.046135380292842,17.581325296948584,C
10.056375375322773,8.218667656663998,8.964359042265873,11.769110816724172,B
10.65153889791484,10.234633543276457,19.213636544819135,10.439322311434749,B
15.120489746295995,38.350270675676256,7.150493861433064,11.96239380310125,A
14.08956545714705,40.05083545426311,6.630186443427199,8.096066529358602,A
8.512613516364372,13.649733141228822,13.983953443663808,16.10428763206346,B
15.892586766173476,38.98482050935042,8.661824588667889,10.06351302096254,A
23.383371646260002,17.807284218978193,15.987928038913296,19.950452649551583,C
18.263580350671585,39.62591364918082,8.912116120695906,14.623159321198354,A
27.252709464086685,22.411138333127763,10.961265212643555,12.887328473933183,C
12.95090858736754,9.74315513730851,15.756994294153564,8.82760601175696,B
21.61574119040143,13.938940287362257,9.824623894233975,16.51071848483928,C
24.282638068943964,19.390976068721884,16.49985794414551,16.451359933132274,C
20.58705381487183,45.33038352642611,12.34111431457779,9.912262057825824,A
14.981822679683543,5.750189552723079,6.593391604824861,6.434726735250942,B
16.697321449704447,15.163892466767551,9.606446853932491,18.142524606210927,C
19.910579820349447,45.951863378049374,10.826441890685935,12.37311618389559,A
21.74614287276834,40.00942722271567,12.32962093528576,10.849912459503155,A
11.821335015748138,6.855488779523581,12.419212644127445,10.984903885002266,B
22.17240871724199,40.69217976461532,7.5722385738887885,10.78704301128956,A
13.598923250286212,23.685879256235545,15.975826495631939,21.281215647644927,D
4.322914320047976,9.466560568890962,15.752994348024972,13.164273775540849,B
8.432141750804567,13.128932783939128,16.242274061380787,8.478296614315232,B
15.424395431736926,11.30991542388788,15.57818698949918,12.089316020174318,B
23.723389905186202,41.30325937068928,11.529817981827895,6.6462581860423935,A
26.468334379491495,23.235519076854782,11.738153194693481,18.542466164378084,C
22.10407816018409,39.37635354959763,10.123737454125227,11.23459194070239,A
7.393412359402143,11.969172252577907,13.404018571766514,7.131224732703152,B
13.27981243224714,34.24573983905056,13.259863882161232,17.630728385547144,D
21.497338284129373,14.4147783599554,9.544218917366457,14.337037249158733,C
8.340849350571498,37.02591457212088,17.59216173822138,13.471847515336112,D
9.956342648436362,27.076772947304537,9.759210777471168,19.31652259621694,D
10.0397193030026,9.634165217199168,16.01717776782729,8.23110387414691,B
16.955153721017123,39.23759090536395,12.572338731487136,9.819282481099988,A
10.165514064340694,10.896932368357053,19.945512030804537,5.3499574319255565,B
6.932147859906687,34.704241105815186,13.99631041287536,7.895179903959874,D
27.642673880895607,15.11212666849395,7.341765783498276,14.122351631339477,C
28.715600595123412,15.852893943998806,3.681619089793526,17.90635101869137,C
8.296736534544525,38.032597117507834,18.751565488277578,11.587046062898755,D
15.007752419130906,10.90596763107266,16.824469282801925,13.344886968842207,B
19.22278457075382,40.24350041567196,10.997615864100325,3.0685181089333744,A
13.31851936119766,31.653540083468613,12.664484740642894,9.67639487385724,D
17.704988075452388,40.63124156769218,12.050804493153555,13.39987135419871,A
14.763284571236102,8.070227194633784,11.599221523084623,12.990278928459446,B
16.850899723582778,27.250811909797076,17.83148863477254,14.912355055417898,D
9.531928327008139,13.14727956376003,24.51292431987054,10.56849891264374,B
13.046995844626304,12.10312402349529,13.747567950344898,6.707510035689266,B
22.36812991943437,39.612474767272914,11.5351984258652,12.305516678916316,A
12.764225193431743,11.382443431446491,17.77138968094184,9.602295956038846,B
21.933132443506498,37.04029839951671,3.352069405008148,11.515798810898453,A
21.268097377774037,39.70942574903213,7.631278512732801,10.611108639904081,A
5.225656373625906,10.009666649329468,11.82757905659541,8.332044904363098,B
19.831810977692545,36.70401032588816,9.073239991948867,7.635960511109271,A
10.312964623361518,31.508465189474382,15.600186304223088,9.131002669397969,D
11.238814357486637,24.63318022630386,5.772168938216822,17.926370020088555,D
9.451285057429146,12.688745276068477,15.022852494954474,12.660594059748282,B
10.114382152284804,11.538152570417196,15.20579768244198,9.183171696564758,B
17.879198692986918,39.18582632794956,11.176082862116205,10.77861767888539,A
16.373094463800108,32.274889596481884,14.542051817643197,16.006520995279562,D
20.34537848533078,18.755768288870417,5.809003065265018,20.202397387132347,C
20.82359758284086,21.225930718467104,5.462738641035995,14.674415494445219,C
17.70221638782514,40.48188462266304,9.087361958634355,5.521681129897041,A
10.62007153512401,11.593127520934178,15.717436741961361,14.193688783260207,B
16.710231473721198,38.84603848796323,9.829395986688422,14.283356804123416,A
7.231530055009516,5.645984505426925,15.065572074659615,10.127617222089372,B
7.064733095895287,27.870249364004202,13.888240130926883,20.45497037130937,D
31.90934981884665,21.672329969157644,9.789517400737102,11.968409203473847,C
6.984064382953424,10.304221440004634,21.513494847954497,11.98622286699912,B
10.607602116458093,27.691097505603047,8.712997050027273,14.88860647797315,D
13.755326905575105,19.134878763129702,16.8045631594288,17.400667513009168,D
10.852943556993834,11.24620187851338,11.905552619054227,5.710026223943655,B
18.301900651984724,22.322465518069833,9.460746605513076,19.177640882622192,C
11.128341598061217,28.647517827810244,14.589882076916691,13.300478221859727,D
15.584248782805355,34.70340918573901,10.45534058297313,17.021202445708685,D
30.99918014419756,17.312179928921147,12.684466576958428,11.408974619309763,C
8.268690925558358,31.499874898812507,16.97778177224716,18.04556466998443,D
15.77942493057142,39.71883504360112,8.668775201977331,11.612638183649693,A
10.889902306514879,32.17741951314157,17.596842111336848,12.811189023961823,D
9.479608308781362,8.46991138073315,19.177555348302818,13.112757001151902,B
15.90029191580422,9.411298105169374,15.259749540496257,14.257765137732854,B
20.568481937802822,37.45815337847558,9.713061688073005,10.771878104591533,A
9.003693167953525,7.835706113284733,13.653698960683503,4.767436730338135,B
27.342873649873894,22.585124601474874,14.56474862147326,15.366840628252985,C
27.34346819178179,23.515467172915688,7.457719587348643,14.3963949116149,C
12.619935508211237,13.599208529245114,16.368459107481165,8.927262904094206,B
12.906233179333436,7.80892871332612,12.712915389817173,5.659178995732574,B
27.628588564664195,16.853104715507115,12.931417699512142,21.863082843798686,C
10.81415880161845,21.66227145855388,14.97225023517631,22.639562247636047,D
24.62671564218921,18.27374964511326,12.083551076923024,19.074531181787382,C
2.76123922907405,22.56190557749229,16.657227335695804,15.495838507486644,D
20.076504560846296,39.82589605388266,10.128937356924723,12.168191572021069,A
16.753283194592274,43.190188365015466,13.312535132217038,10.513331409444898,A
25.840199252538515,20.350557928317183,8.336887129597631,19.45533812121969,C
19.859667448878106,39.996537393162264,8.28175240710834,9.706313633954721,A
3.54215610920041,29.165602711102178,16.189622641267484,16.45233866095417,D
18.001444001142257,40.601968774354845,10.72280126319703,11.032177051115436,A
20.598956899640978,39.07549708424049,12.431339472856342,15.334670618011344,A
7.329107236335344,29.953777919102794,18.35796268927042,14.304280278779377,D
